{"cameraMode":{"drawMode":0,"name":"Shaded","section":"Shading Mode"},"sceneLighting":true,"audioPlay":false,"sceneViewState":{"m_AlwaysRefresh":false,"showFog":true,"showSkybox":true,"showFlares":true,"showImageEffects":true,"showParticleSystems":true,"showVisualEffectGraphs":true,"m_FxEnabled":true},"in2DMode":false,"pivot":{"x":-2.7908477783203127,"y":4.403074264526367,"z":3.055586099624634},"rotation":{"x":0.2626880705356598,"y":-0.004345795139670372,"z":0.0011853402247652412,"w":0.964871883392334},"size":16.402482986450197,"orthographic":false}