{"cameraMode":{"drawMode":0,"name":"Shaded","section":"Shading Mode"},"sceneLighting":true,"audioPlay":false,"sceneViewState":{"m_AlwaysRefresh":false,"showFog":true,"showSkybox":true,"showFlares":true,"showImageEffects":true,"showParticleSystems":true,"showVisualEffectGraphs":true,"m_FxEnabled":true},"in2DMode":false,"pivot":{"x":4.616618633270264,"y":-0.07865333557128906,"z":1.5577630996704102},"rotation":{"x":-0.44869765639305117,"y":0.0005332857836037874,"z":-0.00026721658650785685,"w":-0.8936766982078552},"size":9.263993263244629,"orthographic":false}